Nordre Follo;;;
Våler i Østfold;;;
Kinn;;;
Lillestrøm;;;
Nes;;;
Råde;;;
Sunnfjord;;;
Stavanger;;;
Tysvær;;;
Flakstad;;;
Gjesdal;;;
Hammerfest;;;
Haugesund;;;
Larvik;;;
Lørenskog;;;
Nesodden;;;
Risør;;;
Trondheim;;;
Ullensaker;;;
Vestvågøy;;;
Voss;;;
Ørland;;;
Østre Toten;;;
Årdal;;;
Aure;;;
Aurskog-Høland;;;
Bamle;;;
Bindal;;;
Bodø;;;
Bygland;;;
Bømlo;;;
Fredrikstad;;;
Frogn;;;
Gulen;;;
Hamar;;;
Hemsedal;;;
Hol;;;
Horten;;;
Hjartdal;;;
Hurdal;;;
Høyanger;;;
Jevnaker;;;
Karlsøy;;;
Kvinnesdal;;;
Lesja;;;
Lærdal;;;
Malvik;;;
Orkland;;;
Oslo;;;
Porsgrunn;;;
Rakkestad;;;
Raume;;;
Røros;;;
Samnanger;;;
Sandefjord kommune;;;
Sauda;;;
Steigen;;;
Sunndal;;;
Stad;;;
Sveio;;;
Søreisa;;;
Ulvik;;;
Ullesvang;;;
Utsira;;;
Vang;;;
Vestby;;;
Værøy;;;
Øygarden;;;
Åmli;;;
Ås;;;
